"Time (s)","Illuminance (lx)"
0.000000000E0,0.000000000E0
7.196987300E-2,6.500000000E0
7.459387300E-2,6.500000000E0
7.721887300E-2,6.500000000E0
7.984287300E-2,6.500000000E0
8.246787300E-2,6.500000000E0
8.509187300E-2,6.500000000E0
8.771687300E-2,6.500000000E0
9.034087300E-2,6.500000000E0
9.296587300E-2,6.500000000E0
9.558987300E-2,0.000000000E0
2.241908730E-1,6.500000000E0
2.268158730E-1,6.500000000E0
2.294398730E-1,6.500000000E0
2.320648730E-1,6.500000000E0
2.346888730E-1,6.500000000E0
2.373138730E-1,6.500000000E0
2.399378730E-1,6.500000000E0
2.425628730E-1,6.500000000E0
2.451868730E-1,6.500000000E0
2.478118730E-1,6.500000000E0
2.504358730E-1,0.000000000E0
2.740568730E-1,6.500000000E0
2.766808730E-1,6.500000000E0
2.793058730E-1,6.500000000E0
2.819298730E-1,6.500000000E0
2.845548730E-1,6.500000000E0
2.871798730E-1,6.500000000E0
2.898038730E-1,6.500000000E0
2.924288730E-1,6.500000000E0
2.950528730E-1,6.500000000E0
2.976778730E-1,6.500000000E0
3.003018730E-1,6.500000000E0
3.029268730E-1,6.500000000E0
3.055508730E-1,6.500000000E0
3.081758730E-1,6.500000000E0
3.107998730E-1,6.500000000E0
3.134248730E-1,6.500000000E0
3.160488730E-1,6.500000000E0
3.186738730E-1,6.500000000E0
3.212978730E-1,6.500000000E0
3.239228730E-1,0.000000000E0
4.262788730E-1,6.500000000E0
4.289028730E-1,6.500000000E0
4.315278730E-1,6.500000000E0
4.341518730E-1,6.500000000E0
4.367768730E-1,6.500000000E0
4.394008730E-1,6.500000000E0
4.420258730E-1,6.500000000E0
4.446498730E-1,6.500000000E0
4.472748730E-1,6.500000000E0
4.498988730E-1,6.500000000E0
4.525238730E-1,6.500000000E0
4.551478730E-1,6.500000000E0
4.577728730E-1,6.500000000E0
4.603968730E-1,6.500000000E0
4.630218730E-1,6.500000000E0
4.656458730E-1,6.500000000E0
4.682708730E-1,6.500000000E0
4.708948730E-1,6.500000000E0
4.735198730E-1,6.500000000E0
4.761438730E-1,6.500000000E0
4.787688730E-1,0.000000000E0
5.023888730E-1,6.500000000E0
5.050138730E-1,6.500000000E0
5.076378730E-1,6.500000000E0
5.102628730E-1,6.500000000E0
5.128878730E-1,6.500000000E0
5.155118730E-1,6.500000000E0
5.181368730E-1,6.500000000E0
5.207608730E-1,6.500000000E0
5.233858730E-1,6.500000000E0
5.260098730E-1,6.500000000E0
5.286348730E-1,0.000000000E0
5.548798730E-1,6.500000000E0
5.575038730E-1,6.500000000E0
5.601288730E-1,6.500000000E0
5.627528730E-1,6.500000000E0
5.653778730E-1,6.500000000E0
5.680018730E-1,6.500000000E0
5.706268730E-1,6.500000000E0
5.732508730E-1,6.500000000E0
5.758758730E-1,6.500000000E0
5.784998730E-1,6.500000000E0
5.811248730E-1,0.000000000E0
6.047448730E-1,6.500000000E0
6.073698730E-1,6.500000000E0
6.099938730E-1,6.500000000E0
6.126188730E-1,6.500000000E0
6.152428730E-1,6.500000000E0
6.178678730E-1,6.500000000E0
6.204918730E-1,6.500000000E0
6.231168730E-1,6.500000000E0
6.257418730E-1,6.500000000E0
6.283658730E-1,6.500000000E0
6.309908730E-1,0.000000000E0
7.832118730E-1,6.500000000E0
7.858368730E-1,6.500000000E0
7.884608730E-1,6.500000000E0
7.910858730E-1,6.500000000E0
7.937098730E-1,6.500000000E0
7.963348730E-1,6.500000000E0
7.989588730E-1,6.500000000E0
8.015838730E-1,6.500000000E0
8.042078730E-1,6.500000000E0
8.068328730E-1,6.500000000E0
8.094568730E-1,0.000000000E0
1.011544873E0,6.500000000E0
1.014168873E0,6.500000000E0
1.016793873E0,6.500000000E0
1.019417873E0,6.500000000E0
1.022042873E0,6.500000000E0
1.024666873E0,6.500000000E0
1.027291873E0,6.500000000E0
1.029915873E0,6.500000000E0
1.032540873E0,6.500000000E0
1.035164873E0,6.500000000E0
1.037789873E0,6.500000000E0
1.040413873E0,6.500000000E0
1.043038873E0,6.500000000E0
1.045662873E0,6.500000000E0
1.048287873E0,6.500000000E0
1.050911873E0,6.500000000E0
1.053536873E0,6.500000000E0
1.056160873E0,6.500000000E0
1.058785873E0,6.500000000E0
1.061409873E0,6.500000000E0
1.064034873E0,6.500000000E0
1.066658873E0,6.500000000E0
1.069283873E0,6.500000000E0
1.071908873E0,6.500000000E0
1.074532873E0,6.500000000E0
1.077157873E0,6.500000000E0
1.079781873E0,6.500000000E0
1.082406873E0,6.500000000E0
1.085030873E0,6.500000000E0
1.087655873E0,6.500000000E0
1.090279873E0,6.500000000E0
1.092904873E0,6.500000000E0
1.095528873E0,6.500000000E0
1.098153873E0,6.500000000E0
1.100777873E0,6.500000000E0
1.103402873E0,6.500000000E0
1.106026873E0,6.500000000E0
1.108651873E0,6.500000000E0
1.111275873E0,6.500000000E0
1.113900873E0,0.000000000E0
1.266121873E0,6.500000000E0
1.268746873E0,6.500000000E0
1.271370873E0,6.500000000E0
1.273995873E0,6.500000000E0
1.276619873E0,6.500000000E0
1.279244873E0,6.500000000E0
1.281868873E0,6.500000000E0
1.284493873E0,6.500000000E0
1.287117873E0,6.500000000E0
1.289742873E0,6.500000000E0
1.292366873E0,6.500000000E0
1.294991873E0,6.500000000E0
1.297616873E0,6.500000000E0
1.300240873E0,6.500000000E0
1.302865873E0,6.500000000E0
1.305489873E0,6.500000000E0
1.308114873E0,6.500000000E0
1.310738873E0,6.500000000E0
1.313363873E0,6.500000000E0
1.315987873E0,6.500000000E0
1.318612873E0,0.000000000E0
1.470833873E0,6.500000000E0
1.473458873E0,6.500000000E0
1.476082873E0,6.500000000E0
1.478707873E0,6.500000000E0
1.481331873E0,6.500000000E0
1.483956873E0,6.500000000E0
1.486580873E0,6.500000000E0
1.489205873E0,6.500000000E0
1.491829873E0,6.500000000E0
1.494454873E0,6.500000000E0
1.497078873E0,0.000000000E0
1.623055873E0,6.500000000E0
1.625679873E0,6.500000000E0
1.628304873E0,6.500000000E0
1.630929873E0,6.500000000E0
1.633553873E0,6.500000000E0
1.636178873E0,6.500000000E0
1.638802873E0,6.500000000E0
1.641427873E0,6.500000000E0
1.644051873E0,6.500000000E0
1.646676873E0,6.500000000E0
1.649300873E0,0.000000000E0
1.675545873E0,6.500000000E0
1.678170873E0,6.500000000E0
1.680794873E0,6.500000000E0
1.683419873E0,6.500000000E0
1.686043873E0,6.500000000E0
1.688668873E0,6.500000000E0
1.691292873E0,6.500000000E0
1.693917873E0,6.500000000E0
1.696541873E0,6.500000000E0
1.699166873E0,0.000000000E0
1.751656873E0,6.500000000E0
1.754281873E0,6.500000000E0
1.756905873E0,6.500000000E0
1.759530873E0,6.500000000E0
1.762154873E0,6.500000000E0
1.764779873E0,6.500000000E0
1.767403873E0,6.500000000E0
1.770028873E0,6.500000000E0
1.772652873E0,6.500000000E0
1.775277873E0,0.000000000E0
1.854012873E0,6.500000000E0
1.856637873E0,6.500000000E0
1.859261873E0,6.500000000E0
1.861886873E0,6.500000000E0
1.864510873E0,6.500000000E0
1.867135873E0,6.500000000E0
1.869759873E0,6.500000000E0
1.872384873E0,6.500000000E0
1.875008873E0,6.500000000E0
1.877633873E0,0.000000000E0
1.903878873E0,6.500000000E0
1.906502873E0,6.500000000E0
1.909127873E0,6.500000000E0
1.911751873E0,6.500000000E0
1.914376873E0,6.500000000E0
1.917000873E0,6.500000000E0
1.919625873E0,6.500000000E0
1.922249873E0,6.500000000E0
1.924874873E0,6.500000000E0
1.927498873E0,6.500000000E0
1.930123873E0,0.000000000E0
2.003609873E0,6.500000000E0
2.006234873E0,6.500000000E0
2.008858873E0,6.500000000E0
2.011483873E0,6.500000000E0
2.014107873E0,6.500000000E0
2.016732873E0,6.500000000E0
2.019356873E0,6.500000000E0
2.021981873E0,6.500000000E0
2.024605873E0,6.500000000E0
2.027230873E0,6.500000000E0
2.029854873E0,0.000000000E0
2.234566873E0,6.500000000E0
2.237191873E0,6.500000000E0
2.239815873E0,6.500000000E0
2.242440873E0,6.500000000E0
2.245064873E0,6.500000000E0
2.247689873E0,6.500000000E0
2.250313873E0,6.500000000E0
2.252938873E0,6.500000000E0
2.255562873E0,6.500000000E0
2.258187873E0,6.500000000E0
2.260811873E0,0.000000000E0
2.284432873E0,6.500000000E0
2.287056873E0,6.500000000E0
2.289681873E0,6.500000000E0
2.292305873E0,6.500000000E0
2.294930873E0,6.500000000E0
2.297554873E0,6.500000000E0
2.300179873E0,6.500000000E0
2.302804873E0,6.500000000E0
2.305428873E0,6.500000000E0
2.308053873E0,6.500000000E0
2.310677873E0,0.000000000E0
2.386788873E0,6.500000000E0
2.389412873E0,6.500000000E0
2.392037873E0,6.500000000E0
2.394661873E0,6.500000000E0
2.397286873E0,6.500000000E0
2.399910873E0,6.500000000E0
2.402535873E0,6.500000000E0
2.405159873E0,6.500000000E0
2.407784873E0,6.500000000E0
2.410408873E0,6.500000000E0
2.413033873E0,6.500000000E0
2.415658873E0,6.500000000E0
2.418282873E0,6.500000000E0
2.420907873E0,6.500000000E0
2.423531873E0,6.500000000E0
2.426156873E0,6.500000000E0
2.428780873E0,6.500000000E0
2.431405873E0,6.500000000E0
2.434029873E0,6.500000000E0
2.436654873E0,6.500000000E0
2.439278873E0,0.000000000E0
2.515389873E0,6.500000000E0
2.518013873E0,6.500000000E0
2.520638873E0,6.500000000E0
2.523262873E0,6.500000000E0
2.525887873E0,6.500000000E0
2.528512873E0,6.500000000E0
2.531136873E0,6.500000000E0
2.533761873E0,6.500000000E0
2.536385873E0,6.500000000E0
2.539010873E0,0.000000000E0
2.565255873E0,6.500000000E0
2.567879873E0,6.500000000E0
2.570504873E0,6.500000000E0
2.573128873E0,6.500000000E0
2.575753873E0,6.500000000E0
2.578377873E0,6.500000000E0
2.581002873E0,6.500000000E0
2.583626873E0,6.500000000E0
2.586251873E0,6.500000000E0
2.588875873E0,6.500000000E0
2.591500873E0,0.000000000E0
2.667611873E0,6.500000000E0
2.670235873E0,6.500000000E0
2.672860873E0,6.500000000E0
2.675484873E0,6.500000000E0
2.678109873E0,6.500000000E0
2.680733873E0,6.500000000E0
2.683358873E0,6.500000000E0
2.685982873E0,6.500000000E0
2.688607873E0,6.500000000E0
2.691231873E0,6.500000000E0
2.693856873E0,6.500000000E0
2.696480873E0,6.500000000E0
2.699105873E0,6.500000000E0
2.701729873E0,6.500000000E0
2.704354873E0,6.500000000E0
2.706978873E0,6.500000000E0
2.709603873E0,6.500000000E0
2.712227873E0,6.500000000E0
2.714852873E0,6.500000000E0
2.717476873E0,6.500000000E0
2.720101873E0,6.500000000E0
2.722725873E0,6.500000000E0
2.725350873E0,6.500000000E0
2.727974873E0,6.500000000E0
2.730599873E0,6.500000000E0
2.733223873E0,6.500000000E0
2.735848873E0,6.500000000E0
2.738472873E0,6.500000000E0
2.741097873E0,6.500000000E0
2.743721873E0,0.000000000E0
2.769967873E0,6.500000000E0
2.772591873E0,6.500000000E0
2.775216873E0,6.500000000E0
2.777840873E0,6.500000000E0
2.780465873E0,6.500000000E0
2.783089873E0,6.500000000E0
2.785714873E0,6.500000000E0
2.788338873E0,6.500000000E0
2.790963873E0,6.500000000E0
2.793587873E0,0.000000000E0
2.819832873E0,6.500000000E0
2.822457873E0,6.500000000E0
2.825081873E0,6.500000000E0
2.827706873E0,6.500000000E0
2.830330873E0,6.500000000E0
2.832955873E0,6.500000000E0
2.835579873E0,6.500000000E0
2.838204873E0,6.500000000E0
2.840828873E0,6.500000000E0
2.843453873E0,0.000000000E0
2.922188873E0,6.500000000E0
2.924813873E0,6.500000000E0
2.927437873E0,6.500000000E0
2.930062873E0,6.500000000E0
2.932686873E0,6.500000000E0
2.935311873E0,6.500000000E0
2.937935873E0,6.500000000E0
2.940560873E0,6.500000000E0
2.943184873E0,6.500000000E0
2.945809873E0,6.500000000E0
2.948433873E0,0.000000000E0
2.972054873E0,6.500000000E0
2.974679873E0,6.500000000E0
2.977303873E0,6.500000000E0
2.979928873E0,6.500000000E0
2.982552873E0,6.500000000E0
2.985177873E0,6.500000000E0
2.987801873E0,6.500000000E0
2.990426873E0,6.500000000E0
2.993050873E0,6.500000000E0
2.995675873E0,6.500000000E0
2.998299873E0,0.000000000E0
3.048165873E0,6.500000000E0
3.050789873E0,6.500000000E0
3.053414873E0,6.500000000E0
3.056038873E0,6.500000000E0
3.058663873E0,6.500000000E0
3.061287873E0,6.500000000E0
3.063912873E0,6.500000000E0
3.066536873E0,6.500000000E0
3.069161873E0,6.500000000E0
3.071785873E0,6.500000000E0
3.074410873E0,0.000000000E0
3.150521873E0,6.500000000E0
3.153145873E0,6.500000000E0
3.155770873E0,6.500000000E0
3.158394873E0,6.500000000E0
3.161019873E0,6.500000000E0
3.163643873E0,6.500000000E0
3.166268873E0,6.500000000E0
3.168892873E0,6.500000000E0
3.171517873E0,6.500000000E0
3.174141873E0,6.500000000E0
3.176766873E0,0.000000000E0
3.200387873E0,6.500000000E0
3.203011873E0,6.500000000E0
3.205636873E0,6.500000000E0
3.208260873E0,6.500000000E0
3.210885873E0,6.500000000E0
3.213509873E0,6.500000000E0
3.216134873E0,6.500000000E0
3.218758873E0,6.500000000E0
3.221383873E0,6.500000000E0
3.224007873E0,6.500000000E0
3.226632873E0,0.000000000E0
3.252877873E0,6.500000000E0
3.255501873E0,6.500000000E0
3.258126873E0,6.500000000E0
3.260750873E0,6.500000000E0
3.263375873E0,6.500000000E0
3.265999873E0,6.500000000E0
3.268624873E0,6.500000000E0
3.271248873E0,6.500000000E0
3.273873873E0,6.500000000E0
3.276497873E0,6.500000000E0
3.279122873E0,6.500000000E0
3.281746873E0,6.500000000E0
3.284371873E0,6.500000000E0
3.286995873E0,6.500000000E0
3.289620873E0,6.500000000E0
3.292244873E0,6.500000000E0
3.294869873E0,6.500000000E0
3.297493873E0,6.500000000E0
3.300118873E0,6.500000000E0
3.302742873E0,0.000000000E0
3.355233873E0,6.500000000E0
3.357857873E0,6.500000000E0
3.360482873E0,6.500000000E0
3.363106873E0,6.500000000E0
3.365731873E0,6.500000000E0
3.368355873E0,6.500000000E0
3.370980873E0,6.500000000E0
3.373604873E0,6.500000000E0
3.376229873E0,6.500000000E0
3.378853873E0,0.000000000E0
3.405098873E0,6.500000000E0
3.407723873E0,6.500000000E0
3.410347873E0,6.500000000E0
3.412972873E0,6.500000000E0
3.415596873E0,6.500000000E0
3.418221873E0,6.500000000E0
3.420845873E0,6.500000000E0
3.423470873E0,6.500000000E0
3.426095873E0,6.500000000E0
3.428719873E0,6.500000000E0
3.431344873E0,0.000000000E0
3.533700873E0,6.500000000E0
3.536324873E0,6.500000000E0
3.538949873E0,6.500000000E0
3.541573873E0,6.500000000E0
3.544198873E0,6.500000000E0
3.546822873E0,6.500000000E0
3.549447873E0,6.500000000E0
3.552071873E0,6.500000000E0
3.554696873E0,6.500000000E0
3.557320873E0,0.000000000E0
3.633431873E0,6.500000000E0
3.636055873E0,6.500000000E0
3.638680873E0,6.500000000E0
3.641304873E0,6.500000000E0
3.643929873E0,6.500000000E0
3.646554873E0,6.500000000E0
3.649178873E0,6.500000000E0
3.651803873E0,6.500000000E0
3.654427873E0,6.500000000E0
3.657052873E0,6.500000000E0
3.659676873E0,0.000000000E0
3.735787873E0,6.500000000E0
3.738411873E0,6.500000000E0
3.741036873E0,6.500000000E0
3.743660873E0,6.500000000E0
3.746285873E0,6.500000000E0
3.748909873E0,6.500000000E0
3.751534873E0,6.500000000E0
3.754158873E0,6.500000000E0
3.756783873E0,6.500000000E0
3.759408873E0,6.500000000E0
3.762032873E0,0.000000000E0
3.788277873E0,6.500000000E0
3.790902873E0,6.500000000E0
3.793526873E0,6.500000000E0
3.796151873E0,6.500000000E0
3.798775873E0,6.500000000E0
3.801400873E0,6.500000000E0
3.804024873E0,6.500000000E0
3.806649873E0,6.500000000E0
3.809273873E0,6.500000000E0
3.811898873E0,0.000000000E0
3.861763873E0,6.500000000E0
3.864388873E0,6.500000000E0
3.867012873E0,6.500000000E0
3.869637873E0,6.500000000E0
3.872262873E0,6.500000000E0
3.874886873E0,6.500000000E0
3.877511873E0,6.500000000E0
3.880135873E0,6.500000000E0
3.882760873E0,6.500000000E0
3.885384873E0,6.500000000E0
3.888009873E0,0.000000000E0
3.914254873E0,6.500000000E0
3.916878873E0,6.500000000E0
3.919503873E0,6.500000000E0
3.922127873E0,6.500000000E0
3.924752873E0,6.500000000E0
3.927376873E0,6.500000000E0
3.930001873E0,6.500000000E0
3.932625873E0,6.500000000E0
3.935250873E0,6.500000000E0
3.937874873E0,6.500000000E0
3.940499873E0,0.000000000E0
4.118966873E0,6.500000000E0
4.121590873E0,6.500000000E0
4.124215873E0,6.500000000E0
4.126839873E0,6.500000000E0
4.129464873E0,6.500000000E0
4.132088873E0,6.500000000E0
4.134713873E0,6.500000000E0
4.137337873E0,6.500000000E0
4.139962873E0,6.500000000E0
4.142586873E0,0.000000000E0
4.271187873E0,6.500000000E0
4.273812873E0,6.500000000E0
4.276436873E0,6.500000000E0
4.279061873E0,6.500000000E0
4.281685873E0,6.500000000E0
4.284310873E0,6.500000000E0
4.286934873E0,6.500000000E0
4.289559873E0,6.500000000E0
4.292183873E0,6.500000000E0
4.294808873E0,6.500000000E0
4.297432873E0,0.000000000E0
4.347298873E0,6.500000000E0
4.349923873E0,6.500000000E0
4.352547873E0,6.500000000E0
4.355172873E0,6.500000000E0
4.357796873E0,6.500000000E0
4.360421873E0,6.500000000E0
4.363045873E0,6.500000000E0
4.365670873E0,6.500000000E0
4.368294873E0,6.500000000E0
4.370919873E0,6.500000000E0
4.373543873E0,0.000000000E0
4.449654873E0,6.500000000E0
4.452279873E0,6.500000000E0
4.454903873E0,6.500000000E0
4.457528873E0,6.500000000E0
4.460152873E0,6.500000000E0
4.462777873E0,6.500000000E0
4.465401873E0,6.500000000E0
4.468026873E0,6.500000000E0
4.470650873E0,6.500000000E0
4.473275873E0,6.500000000E0
4.475899873E0,0.000000000E0
4.499520873E0,6.500000000E0
4.502144873E0,6.500000000E0
4.504769873E0,6.500000000E0
4.507393873E0,6.500000000E0
4.510018873E0,6.500000000E0
4.512642873E0,6.500000000E0
4.515267873E0,6.500000000E0
4.517891873E0,6.500000000E0
4.520516873E0,6.500000000E0
4.523140873E0,6.500000000E0
4.525765873E0,0.000000000E0
4.552010873E0,6.500000000E0
4.554635873E0,6.500000000E0
4.557259873E0,6.500000000E0
4.559884873E0,6.500000000E0
4.562508873E0,6.500000000E0
4.565133873E0,6.500000000E0
4.567757873E0,6.500000000E0
4.570382873E0,6.500000000E0
4.573006873E0,6.500000000E0
4.575631873E0,6.500000000E0
4.578255873E0,6.500000000E0
4.580880873E0,6.500000000E0
4.583504873E0,6.500000000E0
4.586129873E0,6.500000000E0
4.588753873E0,6.500000000E0
4.591378873E0,6.500000000E0
4.594002873E0,6.500000000E0
4.596627873E0,6.500000000E0
4.599251873E0,6.500000000E0
4.601876873E0,0.000000000E0
4.701607873E0,6.500000000E0
4.704232873E0,6.500000000E0
4.706856873E0,6.500000000E0
4.709481873E0,6.500000000E0
4.712105873E0,6.500000000E0
4.714730873E0,6.500000000E0
4.717354873E0,6.500000000E0
4.719979873E0,6.500000000E0
4.722603873E0,6.500000000E0
4.725228873E0,6.500000000E0
4.727852873E0,6.500000000E0
4.730477873E0,0.000000000E0
4.780343873E0,6.500000000E0
4.782967873E0,6.500000000E0
4.785592873E0,6.500000000E0
4.788216873E0,6.500000000E0
4.790841873E0,6.500000000E0
4.793465873E0,6.500000000E0
4.796090873E0,6.500000000E0
4.798714873E0,6.500000000E0
4.801339873E0,6.500000000E0
4.803963873E0,6.500000000E0
4.806588873E0,0.000000000E0
4.906319873E0,6.500000000E0
4.908944873E0,6.500000000E0
4.911568873E0,6.500000000E0
4.914193873E0,6.500000000E0
4.916817873E0,6.500000000E0
4.919442873E0,6.500000000E0
4.922066873E0,6.500000000E0
4.924691873E0,6.500000000E0
4.927315873E0,6.500000000E0
4.929940873E0,6.500000000E0
4.932564873E0,6.500000000E0
4.935189873E0,6.500000000E0
4.937813873E0,6.500000000E0
4.940438873E0,6.500000000E0
4.943062873E0,6.500000000E0
4.945687873E0,6.500000000E0
4.948311873E0,6.500000000E0
4.950936873E0,6.500000000E0
4.953560873E0,6.500000000E0
4.956185873E0,6.500000000E0
4.958809873E0,0.000000000E0
5.084786873E0,6.500000000E0
5.087410873E0,6.500000000E0
5.090035873E0,6.500000000E0
5.092659873E0,6.500000000E0
5.095284873E0,6.500000000E0
5.097908873E0,6.500000000E0
5.100533873E0,6.500000000E0
5.103158873E0,6.500000000E0
5.105782873E0,6.500000000E0
5.108407873E0,6.500000000E0
5.111031873E0,0.000000000E0
5.187142873E0,6.500000000E0
5.189766873E0,6.500000000E0
5.192391873E0,6.500000000E0
5.195015873E0,6.500000000E0
5.197640873E0,6.500000000E0
5.200264873E0,6.500000000E0
5.202889873E0,6.500000000E0
5.205513873E0,6.500000000E0
5.208138873E0,6.500000000E0
5.210762873E0,6.500000000E0
5.213387873E0,0.000000000E0
5.289498873E0,6.500000000E0
5.292122873E0,6.500000000E0
5.294747873E0,6.500000000E0
5.297371873E0,6.500000000E0
5.299996873E0,6.500000000E0
5.302620873E0,6.500000000E0
5.305245873E0,6.500000000E0
5.307869873E0,6.500000000E0
5.310494873E0,6.500000000E0
5.313118873E0,6.500000000E0
5.315743873E0,0.000000000E0
5.391854873E0,6.500000000E0
5.394478873E0,6.500000000E0
5.397103873E0,6.500000000E0
5.399727873E0,6.500000000E0
5.402352873E0,6.500000000E0
5.404976873E0,6.500000000E0
5.407601873E0,6.500000000E0
5.410225873E0,6.500000000E0
5.412850873E0,6.500000000E0
5.415474873E0,0.000000000E0
5.593941873E0,6.500000000E0
5.596566873E0,6.500000000E0
5.599190873E0,6.500000000E0
5.601815873E0,6.500000000E0
5.604439873E0,6.500000000E0
5.607064873E0,6.500000000E0
5.609688873E0,6.500000000E0
5.612313873E0,6.500000000E0
5.614937873E0,6.500000000E0
5.617562873E0,6.500000000E0
5.620186873E0,0.000000000E0
5.848519873E0,6.500000000E0
5.851143873E0,6.500000000E0
5.853768873E0,6.500000000E0
5.856392873E0,6.500000000E0
5.859017873E0,6.500000000E0
5.861641873E0,6.500000000E0
5.864266873E0,6.500000000E0
5.866890873E0,6.500000000E0
5.869515873E0,6.500000000E0
5.872139873E0,6.500000000E0
5.874764873E0,6.500000000E0
5.877388873E0,6.500000000E0
5.880013873E0,6.500000000E0
5.882637873E0,6.500000000E0
5.885262873E0,6.500000000E0
5.887887873E0,6.500000000E0
5.890511873E0,6.500000000E0
5.893136873E0,6.500000000E0
5.895760873E0,6.500000000E0
5.898385873E0,0.000000000E0
6.000741873E0,6.500000000E0
6.003365873E0,6.500000000E0
6.005990873E0,6.500000000E0
6.008614873E0,6.500000000E0
6.011239873E0,6.500000000E0
6.013863873E0,6.500000000E0
6.016488873E0,6.500000000E0
6.019112873E0,6.500000000E0
6.021737873E0,6.500000000E0
6.024361873E0,6.500000000E0
6.026986873E0,0.000000000E0
6.103096873E0,6.500000000E0
6.105721873E0,6.500000000E0
6.108345873E0,6.500000000E0
6.110970873E0,6.500000000E0
6.113595873E0,6.500000000E0
6.116219873E0,6.500000000E0
6.118844873E0,6.500000000E0
6.121468873E0,6.500000000E0
6.124093873E0,6.500000000E0
6.126717873E0,6.500000000E0
6.129342873E0,0.000000000E0
6.155587873E0,6.500000000E0
6.158211873E0,6.500000000E0
6.160836873E0,6.500000000E0
6.163460873E0,6.500000000E0
6.166085873E0,6.500000000E0
6.168709873E0,6.500000000E0
6.171334873E0,6.500000000E0
6.173958873E0,6.500000000E0
6.176583873E0,6.500000000E0
6.179207873E0,0.000000000E0
6.255318873E0,6.500000000E0
6.257943873E0,6.500000000E0
6.260567873E0,6.500000000E0
6.263192873E0,6.500000000E0
6.265816873E0,6.500000000E0
6.268441873E0,6.500000000E0
6.271065873E0,6.500000000E0
6.273690873E0,6.500000000E0
6.276314873E0,6.500000000E0
6.278939873E0,6.500000000E0
6.281563873E0,0.000000000E0
6.357674873E0,6.500000000E0
6.360299873E0,6.500000000E0
6.362923873E0,6.500000000E0
6.365548873E0,6.500000000E0
6.368172873E0,6.500000000E0
6.370797873E0,6.500000000E0
6.373421873E0,6.500000000E0
6.376046873E0,6.500000000E0
6.378670873E0,6.500000000E0
6.381295873E0,6.500000000E0
6.383919873E0,6.500000000E0
6.386544873E0,6.500000000E0
6.389168873E0,6.500000000E0
6.391793873E0,6.500000000E0
6.394417873E0,6.500000000E0
6.397042873E0,6.500000000E0
6.399666873E0,6.500000000E0
6.402291873E0,6.500000000E0
6.404915873E0,6.500000000E0
6.407540873E0,6.500000000E0
6.410164873E0,0.000000000E0
6.486275873E0,6.500000000E0
6.488900873E0,6.500000000E0
6.491524873E0,6.500000000E0
6.494149873E0,6.500000000E0
6.496773873E0,6.500000000E0
6.499398873E0,6.500000000E0
6.502022873E0,6.500000000E0
6.504647873E0,6.500000000E0
6.507271873E0,6.500000000E0
6.509896873E0,0.000000000E0
6.586007873E0,6.500000000E0
6.588631873E0,6.500000000E0
6.591256873E0,6.500000000E0
6.593880873E0,6.500000000E0
6.596505873E0,6.500000000E0
6.599129873E0,6.500000000E0
6.601754873E0,6.500000000E0
6.604378873E0,6.500000000E0
6.607003873E0,6.500000000E0
6.609627873E0,6.500000000E0
6.612252873E0,0.000000000E0
6.688363873E0,6.500000000E0
6.690987873E0,6.500000000E0
6.693612873E0,6.500000000E0
6.696236873E0,6.500000000E0
6.698861873E0,6.500000000E0
6.701485873E0,6.500000000E0
6.704110873E0,6.500000000E0
6.706734873E0,6.500000000E0
6.709359873E0,6.500000000E0
6.711983873E0,6.500000000E0
6.714608873E0,0.000000000E0
6.764473873E0,6.500000000E0
6.767098873E0,6.500000000E0
6.769722873E0,6.500000000E0
6.772347873E0,6.500000000E0
6.774971873E0,6.500000000E0
6.777596873E0,6.500000000E0
6.780220873E0,6.500000000E0
6.782845873E0,6.500000000E0
6.785470873E0,6.500000000E0
6.788094873E0,6.500000000E0
6.790719873E0,0.000000000E0
6.866829873E0,6.500000000E0
6.869454873E0,6.500000000E0
6.872078873E0,6.500000000E0
6.874703873E0,6.500000000E0
6.877327873E0,6.500000000E0
6.879952873E0,6.500000000E0
6.882576873E0,6.500000000E0
6.885201873E0,6.500000000E0
6.887825873E0,6.500000000E0
6.890450873E0,6.500000000E0
6.893075873E0,0.000000000E0
7.019051873E0,6.500000000E0
7.021676873E0,6.500000000E0
7.024300873E0,6.500000000E0
7.026925873E0,6.500000000E0
7.029549873E0,6.500000000E0
7.032174873E0,6.500000000E0
7.034798873E0,6.500000000E0
7.037423873E0,6.500000000E0
7.040047873E0,6.500000000E0
7.042672873E0,6.500000000E0
7.045296873E0,0.000000000E0
7.071541873E0,6.500000000E0
7.074166873E0,6.500000000E0
7.076790873E0,6.500000000E0
7.079415873E0,6.500000000E0
7.082039873E0,6.500000000E0
7.084664873E0,6.500000000E0
7.087288873E0,6.500000000E0
7.089913873E0,6.500000000E0
7.092537873E0,6.500000000E0
7.095162873E0,0.000000000E0
7.171273873E0,6.500000000E0
7.173897873E0,6.500000000E0
7.176522873E0,6.500000000E0
7.179146873E0,6.500000000E0
7.181771873E0,6.500000000E0
7.184395873E0,6.500000000E0
7.187020873E0,6.500000000E0
7.189644873E0,6.500000000E0
7.192269873E0,6.500000000E0
7.194893873E0,6.500000000E0
7.197518873E0,6.500000000E0
7.200142873E0,6.500000000E0
7.202767873E0,6.500000000E0
7.205391873E0,6.500000000E0
7.208016873E0,6.500000000E0
7.210640873E0,6.500000000E0
7.213265873E0,6.500000000E0
7.215889873E0,6.500000000E0
7.218514873E0,6.500000000E0
7.221138873E0,0.000000000E0
7.273629873E0,6.500000000E0
7.276253873E0,6.500000000E0
7.278878873E0,6.500000000E0
7.281502873E0,6.500000000E0
7.284127873E0,6.500000000E0
7.286751873E0,6.500000000E0
7.289376873E0,6.500000000E0
7.292000873E0,6.500000000E0
7.294625873E0,6.500000000E0
7.297249873E0,6.500000000E0
7.299874873E0,6.500000000E0
7.302498873E0,6.500000000E0
7.305123873E0,6.500000000E0
7.307747873E0,6.500000000E0
7.310372873E0,6.500000000E0
7.312996873E0,6.500000000E0
7.315621873E0,6.500000000E0
7.318245873E0,6.500000000E0
7.320870873E0,6.500000000E0
7.323494873E0,6.500000000E0
7.326119873E0,0.000000000E0
7.452095873E0,6.500000000E0
7.454720873E0,6.500000000E0
7.457345873E0,6.500000000E0
7.459969873E0,6.500000000E0
7.462594873E0,6.500000000E0
7.465218873E0,6.500000000E0
7.467843873E0,6.500000000E0
7.470467873E0,6.500000000E0
7.473092873E0,6.500000000E0
7.475716873E0,6.500000000E0
7.478341873E0,6.500000000E0
7.480965873E0,6.500000000E0
7.483590873E0,6.500000000E0
7.486214873E0,6.500000000E0
7.488839873E0,6.500000000E0
7.491463873E0,6.500000000E0
7.494088873E0,6.500000000E0
7.496712873E0,6.500000000E0
7.499337873E0,6.500000000E0
7.501961873E0,6.500000000E0
7.504586873E0,0.000000000E0
7.732918873E0,6.500000000E0
7.735543873E0,6.500000000E0
7.738167873E0,6.500000000E0
7.740792873E0,6.500000000E0
7.743416873E0,6.500000000E0
7.746041873E0,6.500000000E0
7.748665873E0,6.500000000E0
7.751290873E0,6.500000000E0
7.753914873E0,6.500000000E0
7.756539873E0,0.000000000E0
7.782784873E0,6.500000000E0
7.785408873E0,6.500000000E0
7.788033873E0,6.500000000E0
7.790658873E0,6.500000000E0
7.793282873E0,6.500000000E0
7.795907873E0,6.500000000E0
7.798531873E0,6.500000000E0
7.801156873E0,6.500000000E0
7.803780873E0,6.500000000E0
7.806405873E0,6.500000000E0
7.809029873E0,6.500000000E0
7.811654873E0,6.500000000E0
7.814278873E0,6.500000000E0
7.816903873E0,6.500000000E0
7.819527873E0,6.500000000E0
7.822152873E0,6.500000000E0
7.824776873E0,6.500000000E0
7.827401873E0,6.500000000E0
7.830025873E0,6.500000000E0
7.832650873E0,6.500000000E0
7.835274873E0,0.000000000E0
7.885140873E0,6.500000000E0
7.887764873E0,6.500000000E0
7.890389873E0,6.500000000E0
7.893013873E0,6.500000000E0
7.895638873E0,6.500000000E0
7.898262873E0,6.500000000E0
7.900887873E0,6.500000000E0
7.903512873E0,6.500000000E0
7.906136873E0,6.500000000E0
7.908761873E0,6.500000000E0
7.911385873E0,0.000000000E0
7.987496873E0,6.500000000E0
7.990120873E0,6.500000000E0
7.992745873E0,6.500000000E0
7.995369873E0,6.500000000E0
7.997994873E0,6.500000000E0
8.000618873E0,6.500000000E0
8.003243873E0,6.500000000E0
8.005867873E0,6.500000000E0
8.008492873E0,6.500000000E0
8.011116873E0,6.500000000E0
8.013741873E0,6.500000000E0
8.016366873E0,6.500000000E0
8.018990873E0,6.500000000E0
8.021615873E0,6.500000000E0
8.024239873E0,6.500000000E0
8.026864873E0,6.500000000E0
8.029488873E0,6.500000000E0
8.032113873E0,6.500000000E0
8.034737873E0,6.500000000E0
8.037362873E0,6.500000000E0
8.039986873E0,6.500000000E0
8.042611873E0,6.500000000E0
8.045235873E0,6.500000000E0
8.047860873E0,6.500000000E0
8.050484873E0,6.500000000E0
8.053109873E0,6.500000000E0
8.055733873E0,6.500000000E0
8.058358873E0,6.500000000E0
8.060982873E0,0.000000000E0
8.089852873E0,6.500000000E0
8.092476873E0,6.500000000E0
8.095101873E0,6.500000000E0
8.097725873E0,6.500000000E0
8.100350873E0,6.500000000E0
8.102974873E0,6.500000000E0
8.105599873E0,6.500000000E0
8.108223873E0,6.500000000E0
8.110848873E0,6.500000000E0
8.113472873E0,0.000000000E0
8.139718873E0,6.500000000E0
8.142342873E0,6.500000000E0
8.144967873E0,6.500000000E0
8.147591873E0,6.500000000E0
8.150216873E0,6.500000000E0
8.152840873E0,6.500000000E0
8.155465873E0,6.500000000E0
8.158089873E0,6.500000000E0
8.160714873E0,6.500000000E0
8.163338873E0,6.500000000E0
8.165963873E0,0.000000000E0
8.215828873E0,6.500000000E0
8.218453873E0,6.500000000E0
8.221077873E0,6.500000000E0
8.223702873E0,6.500000000E0
8.226326873E0,6.500000000E0
8.228951873E0,6.500000000E0
8.231575873E0,6.500000000E0
8.234200873E0,6.500000000E0
8.236825873E0,6.500000000E0
8.239449873E0,0.000000000E0
8.265694873E0,6.500000000E0
8.268319873E0,6.500000000E0
8.270943873E0,6.500000000E0
8.273568873E0,6.500000000E0
8.276192873E0,6.500000000E0
8.278817873E0,6.500000000E0
8.281441873E0,6.500000000E0
8.284066873E0,6.500000000E0
8.286690873E0,6.500000000E0
8.289315873E0,6.500000000E0
8.291939873E0,0.000000000E0
8.318184873E0,6.500000000E0
8.320809873E0,6.500000000E0
8.323433873E0,6.500000000E0
8.326058873E0,6.500000000E0
8.328682873E0,6.500000000E0
8.331307873E0,6.500000000E0
8.333931873E0,6.500000000E0
8.336556873E0,6.500000000E0
8.339180873E0,6.500000000E0
8.341805873E0,6.500000000E0
8.344429873E0,0.000000000E0
8.368050873E0,6.500000000E0
8.370675873E0,6.500000000E0
8.373299873E0,6.500000000E0
8.375924873E0,6.500000000E0
8.378548873E0,6.500000000E0
8.381173873E0,6.500000000E0
8.383797873E0,6.500000000E0
8.386422873E0,6.500000000E0
8.389046873E0,6.500000000E0
8.391671873E0,6.500000000E0
8.394295873E0,0.000000000E0
8.470406873E0,6.500000000E0
8.473031873E0,6.500000000E0
8.475655873E0,6.500000000E0
8.478280873E0,6.500000000E0
8.480904873E0,6.500000000E0
8.483529873E0,6.500000000E0
8.486153873E0,6.500000000E0
8.488778873E0,6.500000000E0
8.491402873E0,6.500000000E0
8.494027873E0,6.500000000E0
8.496651873E0,0.000000000E0
8.622628873E0,6.500000000E0
8.625252873E0,6.500000000E0
8.627877873E0,6.500000000E0
8.630501873E0,6.500000000E0
8.633126873E0,6.500000000E0
8.635750873E0,6.500000000E0
8.638375873E0,6.500000000E0
8.640999873E0,6.500000000E0
8.643624873E0,6.500000000E0
8.646248873E0,6.500000000E0
8.648873873E0,6.500000000E0
8.651497873E0,6.500000000E0
8.654122873E0,6.500000000E0
8.656746873E0,6.500000000E0
8.659371873E0,6.500000000E0
8.661995873E0,6.500000000E0
8.664620873E0,6.500000000E0
8.667244873E0,6.500000000E0
8.669869873E0,6.500000000E0
8.672493873E0,6.500000000E0
8.675118873E0,0.000000000E0
8.751229873E0,6.500000000E0
8.753853873E0,6.500000000E0
8.756478873E0,6.500000000E0
8.759102873E0,6.500000000E0
8.761727873E0,6.500000000E0
8.764351873E0,6.500000000E0
8.766976873E0,6.500000000E0
8.769600873E0,6.500000000E0
8.772225873E0,6.500000000E0
8.774849873E0,0.000000000E0
8.801095873E0,6.500000000E0
8.803719873E0,6.500000000E0
8.806331873E0,6.500000000E0
8.808956873E0,6.500000000E0
8.811580873E0,6.500000000E0
8.814205873E0,6.500000000E0
8.816829873E0,6.500000000E0
8.819454873E0,6.500000000E0
8.822078873E0,6.500000000E0
8.824703873E0,6.500000000E0
8.827327873E0,0.000000000E0
8.850948873E0,6.500000000E0
8.853572873E0,6.500000000E0
8.856197873E0,6.500000000E0
8.858821873E0,6.500000000E0
8.861446873E0,6.500000000E0
8.864070873E0,6.500000000E0
8.866695873E0,6.500000000E0
8.869319873E0,6.500000000E0
8.871944873E0,6.500000000E0
8.874568873E0,6.500000000E0
8.877193873E0,0.000000000E0
8.929683873E0,6.500000000E0
8.932308873E0,6.500000000E0
8.934932873E0,6.500000000E0
8.937557873E0,6.500000000E0
8.940181873E0,6.500000000E0
8.942806873E0,6.500000000E0
8.945430873E0,6.500000000E0
8.948055873E0,6.500000000E0
8.950679873E0,6.500000000E0
8.953304873E0,0.000000000E0
9.105525873E0,6.500000000E0
9.108150873E0,6.500000000E0
9.110775873E0,6.500000000E0
9.113399873E0,6.500000000E0
9.116024873E0,6.500000000E0
9.118648873E0,6.500000000E0
9.121273873E0,6.500000000E0
9.123897873E0,6.500000000E0
9.126522873E0,6.500000000E0
9.129146873E0,6.500000000E0
9.131771873E0,6.500000000E0
9.134395873E0,6.500000000E0
9.137020873E0,6.500000000E0
9.139644873E0,6.500000000E0
9.142269873E0,6.500000000E0
9.144893873E0,6.500000000E0
9.147518873E0,6.500000000E0
9.150142873E0,6.500000000E0
9.152767873E0,6.500000000E0
9.155391873E0,6.500000000E0
9.158016873E0,0.000000000E0
9.386348873E0,6.500000000E0
9.388973873E0,6.500000000E0
9.391597873E0,6.500000000E0
9.394222873E0,6.500000000E0
9.396846873E0,6.500000000E0
9.399471873E0,6.500000000E0
9.402095873E0,6.500000000E0
9.404720873E0,6.500000000E0
9.407344873E0,6.500000000E0
9.409969873E0,6.500000000E0
9.412593873E0,0.000000000E0
9.436214873E0,6.500000000E0
9.438838873E0,6.500000000E0
9.441463873E0,6.500000000E0
9.444087873E0,6.500000000E0
9.446712873E0,6.500000000E0
9.449337873E0,6.500000000E0
9.451961873E0,6.500000000E0
9.454586873E0,6.500000000E0
9.457210873E0,6.500000000E0
9.459835873E0,6.500000000E0
9.462459873E0,0.000000000E0
9.538570873E0,6.500000000E0
9.541194873E0,6.500000000E0
9.543819873E0,6.500000000E0
9.546443873E0,6.500000000E0
9.549068873E0,6.500000000E0
9.551692873E0,6.500000000E0
9.554317873E0,6.500000000E0
9.556941873E0,6.500000000E0
9.559566873E0,6.500000000E0
9.562191873E0,6.500000000E0
9.564815873E0,0.000000000E0
9.614681873E0,6.500000000E0
9.617305873E0,6.500000000E0
9.619930873E0,6.500000000E0
9.622554873E0,6.500000000E0
9.625179873E0,6.500000000E0
9.627803873E0,6.500000000E0
9.630428873E0,6.500000000E0
9.633052873E0,6.500000000E0
9.635677873E0,6.500000000E0
9.638301873E0,6.500000000E0
9.640926873E0,0.000000000E0
9.667171873E0,6.500000000E0
9.669795873E0,6.500000000E0
9.672420873E0,6.500000000E0
9.675045873E0,6.500000000E0
9.677669873E0,6.500000000E0
9.680294873E0,6.500000000E0
9.682918873E0,6.500000000E0
9.685543873E0,6.500000000E0
9.688167873E0,6.500000000E0
9.690792873E0,0.000000000E0
9.717037873E0,6.500000000E0
9.719661873E0,6.500000000E0
9.722286873E0,6.500000000E0
9.724910873E0,6.500000000E0
9.727535873E0,6.500000000E0
9.730159873E0,6.500000000E0
9.732784873E0,6.500000000E0
9.735408873E0,6.500000000E0
9.738033873E0,6.500000000E0
9.740657873E0,0.000000000E0
9.793148873E0,6.500000000E0
9.795772873E0,6.500000000E0
9.798397873E0,6.500000000E0
9.801021873E0,6.500000000E0
9.803646873E0,6.500000000E0
9.806270873E0,6.500000000E0
9.808895873E0,6.500000000E0
9.811519873E0,6.500000000E0
9.814144873E0,6.500000000E0
9.816768873E0,6.500000000E0
9.819393873E0,0.000000000E0
9.869258873E0,6.500000000E0
9.871883873E0,6.500000000E0
9.874507873E0,6.500000000E0
9.877132873E0,6.500000000E0
9.879756873E0,6.500000000E0
9.882381873E0,6.500000000E0
9.885005873E0,6.500000000E0
9.887630873E0,6.500000000E0
9.890254873E0,6.500000000E0
9.892879873E0,6.500000000E0
9.895504873E0,6.500000000E0
9.898128873E0,6.500000000E0
9.900753873E0,6.500000000E0
9.903377873E0,6.500000000E0
9.906002873E0,6.500000000E0
9.908626873E0,6.500000000E0
9.911251873E0,6.500000000E0
9.913875873E0,6.500000000E0
9.916500873E0,6.500000000E0
9.919124873E0,0.000000000E0
1.002148087E1,6.500000000E0
1.002410587E1,6.500000000E0
1.002672987E1,6.500000000E0
1.002935487E1,6.500000000E0
1.003197887E1,6.500000000E0
1.003460387E1,6.500000000E0
1.003722787E1,6.500000000E0
1.003985287E1,6.500000000E0
1.004247687E1,6.500000000E0
1.004510187E1,6.500000000E0
1.004772587E1,6.500000000E0
1.005035087E1,6.500000000E0
1.005297487E1,6.500000000E0
1.005559987E1,6.500000000E0
1.005822387E1,6.500000000E0
1.006084887E1,6.500000000E0
1.006347287E1,6.500000000E0
1.006609787E1,6.500000000E0
1.006872187E1,6.500000000E0
1.007134687E1,6.500000000E0
1.007397087E1,6.500000000E0
1.007659587E1,6.500000000E0
1.007921987E1,6.500000000E0
1.008184487E1,6.500000000E0
1.008446887E1,6.500000000E0
1.008709387E1,6.500000000E0
1.008971787E1,6.500000000E0
1.009234287E1,6.500000000E0
1.009496687E1,6.500000000E0
1.009759187E1,0.000000000E0
1.025243787E1,6.500000000E0
1.025506287E1,6.500000000E0
1.025768687E1,6.500000000E0
1.026031187E1,6.500000000E0
1.026293587E1,6.500000000E0
1.026556087E1,6.500000000E0
1.026818487E1,6.500000000E0
1.027080987E1,6.500000000E0
1.027343387E1,6.500000000E0
1.027605887E1,0.000000000E0
1.035479387E1,6.500000000E0
1.035741887E1,6.500000000E0
1.036004287E1,6.500000000E0
1.036266787E1,6.500000000E0
1.036529187E1,6.500000000E0
1.036791687E1,6.500000000E0
1.037054087E1,6.500000000E0
1.037316587E1,6.500000000E0
1.037578987E1,6.500000000E0
1.037841487E1,6.500000000E0
1.038103887E1,6.500000000E0
1.038366387E1,6.500000000E0
1.038628787E1,6.500000000E0
1.038891287E1,6.500000000E0
1.039153687E1,6.500000000E0
1.039416187E1,6.500000000E0
1.039678587E1,6.500000000E0
1.039941087E1,6.500000000E0
1.040203487E1,6.500000000E0
1.040465987E1,0.000000000E0
1.043090487E1,6.500000000E0
1.043352887E1,6.500000000E0
1.043615387E1,6.500000000E0
1.043877787E1,6.500000000E0
1.044140287E1,6.500000000E0
1.044402687E1,6.500000000E0
1.044665187E1,6.500000000E0
1.044927587E1,6.500000000E0
1.045190087E1,6.500000000E0
1.045452587E1,0.000000000E0
1.050701587E1,6.500000000E0
1.050963987E1,6.500000000E0
1.051226487E1,6.500000000E0
1.051488887E1,6.500000000E0
1.051751387E1,6.500000000E0
1.052013787E1,6.500000000E0
1.052276287E1,6.500000000E0
1.052538687E1,6.500000000E0
1.052801187E1,6.500000000E0
1.053063587E1,0.000000000E0
1.060937187E1,6.500000000E0
1.061199587E1,6.500000000E0
1.061462087E1,6.500000000E0
1.061724487E1,6.500000000E0
1.061986987E1,6.500000000E0
1.062249387E1,6.500000000E0
1.062511887E1,6.500000000E0
1.062774287E1,6.500000000E0
1.063036787E1,6.500000000E0
1.063299187E1,0.000000000E0
1.073534787E1,6.500000000E0
1.073797287E1,6.500000000E0
1.074059687E1,6.500000000E0
1.074322187E1,6.500000000E0
1.074584587E1,6.500000000E0
1.074847087E1,6.500000000E0
1.075109487E1,6.500000000E0
1.075371987E1,6.500000000E0
1.075634387E1,6.500000000E0
1.075896887E1,0.000000000E0
1.078521387E1,6.500000000E0
1.078783787E1,6.500000000E0
1.079046287E1,6.500000000E0
1.079308787E1,6.500000000E0
1.079571187E1,6.500000000E0
1.079833687E1,6.500000000E0
1.080096087E1,6.500000000E0
1.080358587E1,6.500000000E0
1.080620987E1,6.500000000E0
1.080883487E1,6.500000000E0
1.081145887E1,0.000000000E0
1.083770387E1,6.500000000E0
1.084032887E1,6.500000000E0
1.084295287E1,6.500000000E0
1.084557787E1,6.500000000E0
1.084820187E1,6.500000000E0
1.085082687E1,6.500000000E0
1.085345087E1,6.500000000E0
1.085607587E1,6.500000000E0
1.085869987E1,6.500000000E0
1.086132487E1,0.000000000E0
1.091381487E1,6.500000000E0
1.091643987E1,6.500000000E0
1.091906387E1,6.500000000E0
1.092168887E1,6.500000000E0
1.092431287E1,6.500000000E0
1.092693787E1,6.500000000E0
1.092956187E1,6.500000000E0
1.093218687E1,6.500000000E0
1.093481087E1,6.500000000E0
1.093743587E1,0.000000000E0
1.096368087E1,6.500000000E0
1.096630487E1,6.500000000E0
1.096892987E1,6.500000000E0
1.097155387E1,6.500000000E0
1.097417887E1,6.500000000E0
1.097680287E1,6.500000000E0
1.097942787E1,6.500000000E0
1.098205187E1,6.500000000E0
1.098467687E1,6.500000000E0
1.098730087E1,6.500000000E0
1.098992587E1,0.000000000E0
1.127074887E1,6.500000000E0
1.127337287E1,6.500000000E0
1.127599787E1,6.500000000E0
1.127862187E1,6.500000000E0
1.128124687E1,6.500000000E0
1.128387087E1,6.500000000E0
1.128649587E1,6.500000000E0
1.128911987E1,6.500000000E0
1.129174487E1,6.500000000E0
1.129436887E1,0.000000000E0
1.142034587E1,6.500000000E0
1.142296987E1,6.500000000E0
1.142559487E1,6.500000000E0
1.142821887E1,6.500000000E0
1.143084387E1,6.500000000E0
1.143346787E1,6.500000000E0
1.143609287E1,6.500000000E0
1.143871687E1,6.500000000E0
1.144134187E1,6.500000000E0
1.144396587E1,6.500000000E0
1.144659087E1,6.500000000E0
1.144921487E1,0.000000000E0
1.147283587E1,6.500000000E0
1.147546087E1,6.500000000E0
1.147808487E1,6.500000000E0
1.148070987E1,6.500000000E0
1.148333387E1,6.500000000E0
1.148595887E1,6.500000000E0
1.148858287E1,6.500000000E0
1.149120787E1,6.500000000E0
1.149383187E1,6.500000000E0
1.149645687E1,6.500000000E0
1.149908087E1,0.000000000E0
1.152532587E1,6.500000000E0
1.152795087E1,6.500000000E0
1.153057487E1,6.500000000E0
1.153319987E1,6.500000000E0
1.153582387E1,6.500000000E0
1.153844887E1,6.500000000E0
1.154107287E1,6.500000000E0
1.154369787E1,6.500000000E0
1.154632187E1,6.500000000E0
1.154894687E1,0.000000000E0
1.157519187E1,6.500000000E0
1.157781687E1,6.500000000E0
1.158044087E1,6.500000000E0
1.158306587E1,6.500000000E0
1.158568987E1,6.500000000E0
1.158831487E1,6.500000000E0
1.159093887E1,6.500000000E0
1.159356387E1,6.500000000E0
1.159618787E1,6.500000000E0
1.159881287E1,6.500000000E0
1.160143687E1,6.500000000E0
1.160406187E1,6.500000000E0
1.160668587E1,6.500000000E0
1.160931087E1,6.500000000E0
1.161193487E1,6.500000000E0
1.161455987E1,6.500000000E0
1.161718387E1,6.500000000E0
1.161980887E1,6.500000000E0
1.162243287E1,6.500000000E0
1.162505787E1,0.000000000E0
1.170116887E1,6.500000000E0
1.170379287E1,6.500000000E0
1.170641787E1,6.500000000E0
1.170904187E1,6.500000000E0
1.171166687E1,6.500000000E0
1.171429087E1,6.500000000E0
1.171691587E1,6.500000000E0
1.171953987E1,6.500000000E0
1.172216487E1,6.500000000E0
1.172478887E1,6.500000000E0
1.172741387E1,0.000000000E0
1.175365887E1,6.500000000E0
1.175628287E1,6.500000000E0
1.175890787E1,6.500000000E0
1.176153187E1,6.500000000E0
1.176415687E1,6.500000000E0
1.176678087E1,6.500000000E0
1.176940587E1,6.500000000E0
1.177202987E1,6.500000000E0
1.177465487E1,6.500000000E0
1.177727887E1,0.000000000E0
1.180352487E1,6.500000000E0
1.180614887E1,6.500000000E0
1.180877387E1,6.500000000E0
1.181139787E1,6.500000000E0
1.181402287E1,6.500000000E0
1.181664687E1,6.500000000E0
1.181927187E1,6.500000000E0
1.182189587E1,6.500000000E0
1.182452087E1,6.500000000E0
1.182714487E1,6.500000000E0
1.182976987E1,6.500000000E0
1.183239387E1,6.500000000E0
1.183501887E1,6.500000000E0
1.183764287E1,6.500000000E0
1.184026787E1,6.500000000E0
1.184289187E1,6.500000000E0
1.184551687E1,6.500000000E0
1.184814087E1,6.500000000E0
1.185076587E1,6.500000000E0
1.185338987E1,6.500000000E0
1.185601487E1,6.500000000E0
1.185863887E1,6.500000000E0
1.186126387E1,6.500000000E0
1.186388787E1,6.500000000E0
1.186651287E1,6.500000000E0
1.186913687E1,6.500000000E0
1.187176187E1,6.500000000E0
1.187438587E1,6.500000000E0
1.187701087E1,6.500000000E0
1.187963487E1,0.000000000E0
1.190587987E1,6.500000000E0
1.190850487E1,6.500000000E0
1.191112987E1,6.500000000E0
1.191375387E1,6.500000000E0
1.191637887E1,6.500000000E0
1.191900287E1,6.500000000E0
1.192162787E1,6.500000000E0
1.192425187E1,6.500000000E0
1.192687687E1,6.500000000E0
1.192950087E1,6.500000000E0
1.193212587E1,0.000000000E0
1.198199087E1,6.500000000E0
1.198461587E1,6.500000000E0
1.198723987E1,6.500000000E0
1.198986487E1,6.500000000E0
1.199248887E1,6.500000000E0
1.199511387E1,6.500000000E0
1.199773787E1,6.500000000E0
1.200036287E1,6.500000000E0
1.200298687E1,6.500000000E0
1.200561187E1,6.500000000E0
1.200823587E1,0.000000000E0
1.203448187E1,6.500000000E0
1.203710587E1,6.500000000E0
1.203973087E1,6.500000000E0
1.204235487E1,6.500000000E0
1.204497987E1,6.500000000E0
1.204760387E1,6.500000000E0
1.205022887E1,6.500000000E0
1.205285287E1,6.500000000E0
1.205547787E1,6.500000000E0
1.205810187E1,0.000000000E0
1.213421287E1,6.500000000E0
1.213683787E1,6.500000000E0
1.213946187E1,6.500000000E0
1.214208687E1,6.500000000E0
1.214471087E1,6.500000000E0
1.214733587E1,6.500000000E0
1.214995987E1,6.500000000E0
1.215258487E1,6.500000000E0
1.215520887E1,6.500000000E0
1.215783387E1,6.500000000E0
1.216045787E1,6.500000000E0
1.216308287E1,6.500000000E0
1.216570687E1,6.500000000E0
1.216833187E1,6.500000000E0
1.217095587E1,6.500000000E0
1.217358087E1,6.500000000E0
1.217620487E1,6.500000000E0
1.217882987E1,6.500000000E0
1.218145387E1,6.500000000E0
1.218407887E1,6.500000000E0
1.218670287E1,6.500000000E0
1.218932787E1,6.500000000E0
1.219195187E1,6.500000000E0
1.219457687E1,6.500000000E0
1.219720087E1,6.500000000E0
1.219982587E1,6.500000000E0
1.220244987E1,6.500000000E0
1.220507487E1,6.500000000E0
1.220769887E1,6.500000000E0
1.221032387E1,0.000000000E0
1.223656887E1,6.500000000E0
1.223919287E1,6.500000000E0
1.224181787E1,6.500000000E0
1.224444187E1,6.500000000E0
1.224706687E1,6.500000000E0
1.224969187E1,6.500000000E0
1.225231587E1,6.500000000E0
1.225494087E1,6.500000000E0
1.225756487E1,6.500000000E0
1.226018987E1,6.500000000E0
1.226281387E1,0.000000000E0
1.231267987E1,6.500000000E0
1.231530387E1,6.500000000E0
1.231792887E1,6.500000000E0
1.232055287E1,6.500000000E0
1.232317787E1,6.500000000E0
1.232580187E1,6.500000000E0
1.232842687E1,6.500000000E0
1.233105087E1,6.500000000E0
1.233367587E1,6.500000000E0
1.233629987E1,6.500000000E0
1.233892487E1,0.000000000E0
1.238879087E1,6.500000000E0
1.239141487E1,6.500000000E0
1.239403987E1,6.500000000E0
1.239666387E1,6.500000000E0
1.239928887E1,6.500000000E0
1.240191287E1,6.500000000E0
1.240453787E1,6.500000000E0
1.240716187E1,6.500000000E0
1.240978687E1,6.500000000E0
1.241241087E1,6.500000000E0
1.241503587E1,6.500000000E0
1.241765987E1,6.500000000E0
1.242028487E1,6.500000000E0
1.242290887E1,6.500000000E0
1.242553387E1,6.500000000E0
1.242815787E1,6.500000000E0
1.243078287E1,6.500000000E0
1.243340687E1,6.500000000E0
1.243603187E1,6.500000000E0
1.243865587E1,6.500000000E0
1.244128087E1,6.500000000E0
1.244390487E1,6.500000000E0
1.244652987E1,6.500000000E0
1.244915387E1,6.500000000E0
1.245177887E1,6.500000000E0
1.245440287E1,6.500000000E0
1.245702787E1,6.500000000E0
1.245965187E1,6.500000000E0
1.246227687E1,6.500000000E0
1.246490087E1,0.000000000E0
1.249114687E1,6.500000000E0
1.249377087E1,6.500000000E0
1.249639587E1,6.500000000E0
1.249901987E1,6.500000000E0
1.250164487E1,6.500000000E0
1.250426887E1,6.500000000E0
1.250689387E1,6.500000000E0
1.250951787E1,6.500000000E0
1.251214287E1,6.500000000E0
1.251476687E1,6.500000000E0
1.251739187E1,6.500000000E0
1.252001587E1,6.500000000E0
1.252264087E1,6.500000000E0
1.252526487E1,6.500000000E0
1.252788987E1,6.500000000E0
1.253051387E1,6.500000000E0
1.253313887E1,6.500000000E0
1.253576287E1,6.500000000E0
1.253838787E1,6.500000000E0
1.254101187E1,6.500000000E0
1.254363687E1,0.000000000E0
1.261712287E1,6.500000000E0
1.261974787E1,6.500000000E0
1.262237187E1,6.500000000E0
1.262499687E1,6.500000000E0
1.262762087E1,6.500000000E0
1.263024587E1,6.500000000E0
1.263286987E1,6.500000000E0
1.263549487E1,6.500000000E0
1.263811887E1,6.500000000E0
1.264074387E1,6.500000000E0
1.264336787E1,0.000000000E0
1.272210387E1,6.500000000E0
1.272472787E1,6.500000000E0
1.272735287E1,6.500000000E0
1.272997687E1,6.500000000E0
1.273260187E1,6.500000000E0
1.273522587E1,6.500000000E0
1.273785087E1,6.500000000E0
1.274047487E1,6.500000000E0
1.274309987E1,6.500000000E0
1.274572387E1,0.000000000E0
1.277196887E1,6.500000000E0
1.277459387E1,6.500000000E0
1.277721787E1,6.500000000E0
1.277984287E1,6.500000000E0
1.278246687E1,6.500000000E0
1.278509187E1,6.500000000E0
1.278771587E1,6.500000000E0
1.279034087E1,6.500000000E0
1.279296487E1,6.500000000E0
1.279558987E1,0.000000000E0
1.300030187E1,6.500000000E0
1.300292587E1,6.500000000E0
1.300555087E1,6.500000000E0
1.300817487E1,6.500000000E0
1.301079987E1,6.500000000E0
1.301342387E1,6.500000000E0
1.301604887E1,6.500000000E0
1.301867287E1,6.500000000E0
1.302129787E1,6.500000000E0
1.302392187E1,6.500000000E0
1.302654687E1,0.000000000E0
1.305279187E1,6.500000000E0
1.305541687E1,6.500000000E0
1.305804087E1,6.500000000E0
1.306066587E1,6.500000000E0
1.306328987E1,6.500000000E0
1.306591487E1,6.500000000E0
1.306853887E1,6.500000000E0
1.307116387E1,6.500000000E0
1.307378787E1,6.500000000E0
1.307641287E1,0.000000000E0
1.312890287E1,6.500000000E0
1.313152687E1,6.500000000E0
1.313415187E1,6.500000000E0
1.313677587E1,6.500000000E0
1.313940087E1,6.500000000E0
1.314202587E1,6.500000000E0
1.314464987E1,6.500000000E0
1.314727487E1,6.500000000E0
1.314989887E1,6.500000000E0
1.315252387E1,6.500000000E0
1.315514787E1,6.500000000E0
1.315777287E1,6.500000000E0
1.316039687E1,6.500000000E0
1.316302187E1,6.500000000E0
1.316564587E1,6.500000000E0
1.316827087E1,6.500000000E0
1.317089487E1,6.500000000E0
1.317351987E1,6.500000000E0
1.317614387E1,6.500000000E0
1.317876887E1,0.000000000E0
1.325487987E1,6.500000000E0
1.325750387E1,6.500000000E0
1.326012887E1,6.500000000E0
1.326275287E1,6.500000000E0
1.326537787E1,6.500000000E0
1.326800187E1,6.500000000E0
1.327062687E1,6.500000000E0
1.327325087E1,6.500000000E0
1.327587587E1,6.500000000E0
1.327849987E1,6.500000000E0
1.328112487E1,0.000000000E0
1.330736987E1,6.500000000E0
1.330999387E1,6.500000000E0
1.331261887E1,6.500000000E0
1.331524287E1,6.500000000E0
1.331786787E1,6.500000000E0
1.332049187E1,6.500000000E0
1.332311687E1,6.500000000E0
1.332574087E1,6.500000000E0
1.332836587E1,6.500000000E0
1.333098987E1,6.500000000E0
1.333361487E1,6.500000000E0
1.333623887E1,6.500000000E0
1.333886387E1,6.500000000E0
1.334148787E1,6.500000000E0
1.334411287E1,6.500000000E0
1.334673687E1,6.500000000E0
1.334936187E1,6.500000000E0
1.335198587E1,6.500000000E0
1.335461087E1,6.500000000E0
1.335723487E1,0.000000000E0
1.348583687E1,6.500000000E0
1.348846087E1,6.500000000E0
1.349108587E1,6.500000000E0
1.349370987E1,6.500000000E0
1.349633487E1,6.500000000E0
1.349895887E1,6.500000000E0
1.350158387E1,6.500000000E0
1.350420787E1,6.500000000E0
1.350683287E1,6.500000000E0
1.350945687E1,0.000000000E0
1.358556787E1,6.500000000E0
1.358819187E1,6.500000000E0
1.359081687E1,6.500000000E0
